entity,code,year,literacy_rate
Afghanistan,AFG,1950,3.0
Afghanistan,AFG,1979,18.16
Afghanistan,AFG,2011,31.45
Afghanistan,AFG,2015,33.75
Afghanistan,AFG,2020,36.014965
Afghanistan,AFG,2021,37.27
Albania,ALB,1950,72.5
Albania,ALB,2001,98.71
Albania,ALB,2008,95.94
Albania,ALB,2011,96.85
Albania,ALB,2012,97.25
Albania,ALB,2017,98.81
Albania,ALB,2023,97.68
Algeria,DZA,1950,17.5
Algeria,DZA,1987,49.63
Algeria,DZA,2002,69.87
Algeria,DZA,2006,72.65
Algeria,DZA,2008,75.14
American Samoa,ASM,1950,96.5
American Samoa,ASM,1980,97.34
Andorra,AND,1950,82.5
Angola,AGO,1950,3.0
Angola,AGO,2001,67.41
Angola,AGO,2014,66.03
Angola,AGO,2015,66.24
Angola,AGO,2023,68.18
Anguilla,AIA,1984,95.41
Antigua and Barbuda,ATG,1950,82.5
Antigua and Barbuda,ATG,2001,98.95
Argentina,ARG,1914,64.9
Argentina,ARG,1947,86.4
Argentina,ARG,1950,87.5
Argentina,ARG,1980,93.91
Argentina,ARG,1991,96.04
Argentina,ARG,2001,97.19
Argentina,ARG,2020,99.14
Armenia,ARM,1989,98.75
Armenia,ARM,2001,99.4
Armenia,ARM,2011,99.74
Armenia,ARM,2016,99.74
Armenia,ARM,2017,99.74
Armenia,ARM,2018,100.0
Armenia,ARM,2019,100.0
Armenia,ARM,2020,99.79
Armenia,ARM,2022,99.82
Armenia,ARM,2023,99.84
Aruba,ABW,2000,97.29
Aruba,ABW,2010,96.82
Australia,AUS,1950,98.5
Austria,AUT,1950,98.5
Azerbaijan,AZE,1999,98.79
Azerbaijan,AZE,2007,99.59
Azerbaijan,AZE,2009,99.76
Azerbaijan,AZE,2010,99.77
Azerbaijan,AZE,2011,99.78
Azerbaijan,AZE,2012,99.78
Azerbaijan,AZE,2013,99.79
Azerbaijan,AZE,2014,99.79
Azerbaijan,AZE,2015,99.79
Azerbaijan,AZE,2016,99.79
Azerbaijan,AZE,2017,99.79
Azerbaijan,AZE,2019,99.8
Azerbaijan,AZE,2023,99.78
Bahamas,BHS,1950,77.5
Bahrain,BHR,1950,12.5
Bahrain,BHR,1981,69.75
Bahrain,BHR,1991,84.01
Bahrain,BHR,2001,86.55
Bahrain,BHR,2022,97.87
Bahrain,BHR,2023,97.85
Bahrain,BHR,2024,97.82
Bangladesh,BGD,1981,29.23
Bangladesh,BGD,1991,35.32
Bangladesh,BGD,2001,47.49
Bangladesh,BGD,2011,58.77
Bangladesh,BGD,2012,57.86
Bangladesh,BGD,2013,61.02
Bangladesh,BGD,2014,61.09
Bangladesh,BGD,2015,65.14
Bangladesh,BGD,2016,72.76
Bangladesh,BGD,2017,72.89
Bangladesh,BGD,2018,73.91
Bangladesh,BGD,2019,74.68
Bangladesh,BGD,2020,74.91
Bangladesh,BGD,2021,76.36
Bangladesh,BGD,2022,79.0
Barbados,BRB,1950,92.5
Barbados,BRB,1970,99.27
Belarus,BLR,1989,97.88
Belarus,BLR,1999,99.59
Belarus,BLR,2009,99.62
Belarus,BLR,2019,99.87
Belgium,BEL,1475,10.0
Belgium,BEL,1550,17.0
Belgium,BEL,1650,25.0
Belgium,BEL,1750,13.0
Belgium,BEL,1900,80.4
Belgium,BEL,1910,86.6
Belgium,BEL,1920,92.2
Belgium,BEL,1930,94.1
Belgium,BEL,1950,96.5
Belize,BLZ,1950,77.5
Belize,BLZ,1991,70.3
Belize,BLZ,2000,76.9
Belize,BLZ,2015,90.92
Belize,BLZ,2022,87.88
Benin,BEN,1979,16.48
Benin,BEN,1992,27.25
Benin,BEN,2002,34.66
Benin,BEN,2011,44.68812
Benin,BEN,2013,45.08
Benin,BEN,2017,38.87
Benin,BEN,2019,49.0
Benin,BEN,2021,43.83
Benin,BEN,2022,51.38
Bermuda,BMU,1950,96.5
Bhutan,BTN,1950,3.0
Bhutan,BTN,2005,52.81
Bhutan,BTN,2012,55.32
Bhutan,BTN,2017,66.56
Bhutan,BTN,2022,64.91
Bolivia,BOL,1950,32.5
Bolivia,BOL,1976,63.21
Bolivia,BOL,1992,79.99
Bolivia,BOL,2001,86.72
Bolivia,BOL,2007,90.29
Bolivia,BOL,2008,90.7
Bolivia,BOL,2009,91.17
Bolivia,BOL,2011,92.23
Bolivia,BOL,2012,94.46
Bolivia,BOL,2015,92.46
Bolivia,BOL,2020,93.85
Bolivia,BOL,2023,95.55
Bolivia,BOL,2024,96.73
Bosnia and Herzegovina,BIH,1991,89.06
Bosnia and Herzegovina,BIH,2000,96.66
Bosnia and Herzegovina,BIH,2013,96.99
Botswana,BWA,1950,22.5
Botswana,BWA,1991,68.58
Botswana,BWA,2003,81.19
Brazil,BRA,1900,34.7
Brazil,BRA,1920,35.1
Brazil,BRA,1940,43.9
Brazil,BRA,1950,47.5
Brazil,BRA,1980,74.59
Brazil,BRA,2000,86.37
Brazil,BRA,2004,88.62
Brazil,BRA,2006,89.62
Brazil,BRA,2007,90.01
Brazil,BRA,2008,90.04
Brazil,BRA,2009,90.3
Brazil,BRA,2010,90.38
Brazil,BRA,2011,91.41
Brazil,BRA,2012,91.34
Brazil,BRA,2013,91.48
Brazil,BRA,2014,91.73
Brazil,BRA,2015,92.05
Brazil,BRA,2016,92.81
Brazil,BRA,2017,93.08
Brazil,BRA,2018,93.23
Brazil,BRA,2019,93.892624
Brazil,BRA,2020,94.74441
Brazil,BRA,2021,94.77261
Brazil,BRA,2022,94.37687
Brazil,BRA,2023,94.57255
Brazil,BRA,2024,94.74
Brunei,BRN,1950,27.5
Brunei,BRN,1981,77.74
Brunei,BRN,1991,87.8
Brunei,BRN,2001,92.67
Brunei,BRN,2011,96.09
Bulgaria,BGR,1900,29.6
Bulgaria,BGR,1905,34.5
Bulgaria,BGR,1910,42.2
Bulgaria,BGR,1920,53.3
Bulgaria,BGR,1926,60.3
Bulgaria,BGR,1934,68.6
Bulgaria,BGR,1950,77.5
Bulgaria,BGR,2001,98.2
Bulgaria,BGR,2011,98.35
Burkina Faso,BFA,1975,8.83
Burkina Faso,BFA,1991,13.57
Burkina Faso,BFA,1996,12.85
Burkina Faso,BFA,2003,21.82
Burkina Faso,BFA,2005,23.52
Burkina Faso,BFA,2006,22.47
Burkina Faso,BFA,2007,27.88
Burkina Faso,BFA,2014,34.6
Burkina Faso,BFA,2018,39.35
Burkina Faso,BFA,2019,29.66
Burkina Faso,BFA,2021,36.97
Burkina Faso,BFA,2022,40.92
Burkina Faso,BFA,2023,41.567093
Burundi,BDI,1979,22.51
Burundi,BDI,1990,37.38
Burundi,BDI,2000,59.3
Burundi,BDI,2008,48.08
Burundi,BDI,2014,61.29
Burundi,BDI,2016,65.69
Burundi,BDI,2017,68.38
Burundi,BDI,2020,71.33748
Cambodia,KHM,1950,17.5
Cambodia,KHM,1998,67.34
Cambodia,KHM,2004,73.61
Cambodia,KHM,2008,76.87
Cambodia,KHM,2009,76.14
Cambodia,KHM,2013,79.65
Cambodia,KHM,2014,78.06
Cambodia,KHM,2015,80.53
Cambodia,KHM,2019,87.66
Cambodia,KHM,2020,82.55104
Cambodia,KHM,2021,71.93
Cameroon,CMR,1950,7.5
Cameroon,CMR,1976,41.22
Cameroon,CMR,2000,68.41
Cameroon,CMR,2007,70.68
Cameroon,CMR,2010,71.19
Cameroon,CMR,2018,72.55
Canada,CAN,1901,82.9
Canada,CAN,1911,89.0
Canada,CAN,1921,94.3
Canada,CAN,1931,95.7
Canada,CAN,1950,97.5
Cape Verde,CPV,1950,22.5
Cape Verde,CPV,1990,62.8
Cape Verde,CPV,2009,82.218956
Cape Verde,CPV,2012,85.33
Cape Verde,CPV,2015,86.79
Cape Verde,CPV,2024,88.47
Cayman Islands,CYM,2007,98.87
Cayman Islands,CYM,2017,98.87
Central African Republic,CAF,1950,3.0
Central African Republic,CAF,1975,18.24
Central African Republic,CAF,1988,33.62
Central African Republic,CAF,2000,50.65
Central African Republic,CAF,2019,42.44
Central and Southern Asia (SDG),,1975,38.64
Central and Southern Asia (SDG),,1976,38.7
Central and Southern Asia (SDG),,1977,39.37
Central and Southern Asia (SDG),,1978,40.04
Central and Southern Asia (SDG),,1979,40.69
Central and Southern Asia (SDG),,1980,41.32
Central and Southern Asia (SDG),,1981,41.92
Central and Southern Asia (SDG),,1982,42.59
Central and Southern Asia (SDG),,1983,43.31
Central and Southern Asia (SDG),,1984,43.97
Central and Southern Asia (SDG),,1985,44.62
Central and Southern Asia (SDG),,1986,45.29
Central and Southern Asia (SDG),,1987,45.95
Central and Southern Asia (SDG),,1988,46.65
Central and Southern Asia (SDG),,1989,47.41
Central and Southern Asia (SDG),,1990,48.39
Central and Southern Asia (SDG),,1991,49.09
Central and Southern Asia (SDG),,1992,50.02
Central and Southern Asia (SDG),,1993,50.95
Central and Southern Asia (SDG),,1994,51.66
Central and Southern Asia (SDG),,1995,52.5
Central and Southern Asia (SDG),,1996,53.3
Central and Southern Asia (SDG),,1997,54.09
Central and Southern Asia (SDG),,1998,58.56
Central and Southern Asia (SDG),,1999,59.33
Central and Southern Asia (SDG),,2000,60.1
Central and Southern Asia (SDG),,2001,60.9
Central and Southern Asia (SDG),,2002,61.71
Central and Southern Asia (SDG),,2003,62.61
Central and Southern Asia (SDG),,2004,63.39
Central and Southern Asia (SDG),,2005,63.29
Central and Southern Asia (SDG),,2006,63.41
Central and Southern Asia (SDG),,2007,64.22
Central and Southern Asia (SDG),,2008,65.25
Central and Southern Asia (SDG),,2009,66.07
Central and Southern Asia (SDG),,2010,68.44
Central and Southern Asia (SDG),,2011,68.79
Central and Southern Asia (SDG),,2012,68.87
Central and Southern Asia (SDG),,2013,69.82
Central and Southern Asia (SDG),,2014,70.52
Central and Southern Asia (SDG),,2015,71.76
Central and Southern Asia (SDG),,2016,72.99
Central and Southern Asia (SDG),,2017,73.52
Central and Southern Asia (SDG),,2018,74.02
Central and Southern Asia (SDG),,2019,73.87
Central and Southern Asia (SDG),,2020,74.55
Central and Southern Asia (SDG),,2021,75.3
Central and Southern Asia (SDG),,2022,76.08
Central and Southern Asia (SDG),,2023,76.74
Central and Southern Asia (SDG),,2024,77.38
Chad,TCD,1993,10.89
Chad,TCD,2000,25.65
Chad,TCD,2004,28.38
Chad,TCD,2016,22.31
Chad,TCD,2019,30.63
Channel Islands,OWID_CIS,1950,98.5
Chile,CHL,1907,50.1
Chile,CHL,1920,63.1
Chile,CHL,1930,75.6
Chile,CHL,1940,73.6
Chile,CHL,1950,77.5
Chile,CHL,1982,91.13
Chile,CHL,1992,94.29
Chile,CHL,2002,95.72
Chile,CHL,2011,96.7
Chile,CHL,2013,96.27
Chile,CHL,2015,96.87
Chile,CHL,2017,96.4
China,CHN,1950,47.5
China,CHN,1982,65.51
China,CHN,1990,77.79
China,CHN,2000,90.92
China,CHN,2010,95.12
China,CHN,2020,96.74
Cocos Islands,CCK,1950,17.5
Colombia,COL,1918,42.4
Colombia,COL,1928,51.6
Colombia,COL,1938,55.8
Colombia,COL,1950,52.5
Colombia,COL,1993,91.06
Colombia,COL,1996,91.21
Colombia,COL,2004,92.8
Colombia,COL,2005,92.85
Colombia,COL,2006,92.3
Colombia,COL,2007,92.65
Colombia,COL,2008,93.38
Colombia,COL,2009,93.24
Colombia,COL,2010,93.37
Colombia,COL,2011,93.58
Colombia,COL,2014,94.19
Colombia,COL,2015,94.25
Colombia,COL,2016,94.65
Colombia,COL,2017,94.88739
Colombia,COL,2018,95.09
Colombia,COL,2019,95.25
Colombia,COL,2020,95.64
Colombia,COL,2021,95.66065
Colombia,COL,2022,95.31031
Colombia,COL,2023,95.45663
Colombia,COL,2024,95.34
Comoros,COM,1950,22.5
Comoros,COM,1980,47.92
Comoros,COM,2000,68.25
Comoros,COM,2014,73.6495
Comoros,COM,2021,75.6202
Congo,COG,1984,59.62
Congo,COG,2005,76.11
Cook Islands,COK,1950,92.5
Costa Rica,CRI,1950,77.5
Costa Rica,CRI,1984,92.63
Costa Rica,CRI,2000,94.87
Costa Rica,CRI,2011,97.41
Cote d'Ivoire,CIV,1988,34.14
Cote d'Ivoire,CIV,1998,36.35
Cote d'Ivoire,CIV,2000,48.74
Cote d'Ivoire,CIV,2014,43.91
Cote d'Ivoire,CIV,2016,50.04
Cote d'Ivoire,CIV,2021,50.0
Croatia,HRV,1991,96.7
Croatia,HRV,2001,98.15
Cuba,CUB,1899,43.1
Cuba,CUB,1907,56.4
Cuba,CUB,1919,61.3
Cuba,CUB,1931,71.8
Cuba,CUB,1943,76.4
Cuba,CUB,1950,77.5
Cuba,CUB,1981,97.85
Cuba,CUB,2002,99.8
Cuba,CUB,2012,99.67
Cuba,CUB,2019,97.65
Cyprus,CYP,1950,62.5
Cyprus,CYP,1992,94.36
Cyprus,CYP,2001,96.8
Cyprus,CYP,2011,98.68
Czechoslovakia,OWID_CZS,1950,97.5
Democratic Republic of Congo,COD,1950,37.5
Democratic Republic of Congo,COD,2001,67.17
Democratic Republic of Congo,COD,2012,75.02
Democratic Republic of Congo,COD,2016,77.04
Democratic Republic of Congo,COD,2018,73.55
Democratic Republic of Congo,COD,2020,65.68288
Democratic Republic of Congo,COD,2023,68.5
Denmark,DNK,1950,98.5
Djibouti,DJI,1950,3.0
Dominican Republic,DOM,1950,42.5
Dominican Republic,DOM,1981,73.06
Dominican Republic,DOM,2002,87.0
Dominican Republic,DOM,2007,88.24
Dominican Republic,DOM,2010,89.54
Dominican Republic,DOM,2011,90.11
Dominican Republic,DOM,2012,90.16
Dominican Republic,DOM,2013,90.86
Dominican Republic,DOM,2014,91.76
Dominican Republic,DOM,2015,91.99
Dominican Republic,DOM,2016,93.78
Dominican Republic,DOM,2017,93.233215
Dominican Republic,DOM,2018,93.43606
Dominican Republic,DOM,2019,93.67269
Dominican Republic,DOM,2020,93.692635
Dominican Republic,DOM,2021,93.73097
Dominican Republic,DOM,2022,93.70224
Dominican Republic,DOM,2023,94.31238
Dominican Republic,DOM,2024,94.03
East Asia and Pacific (WB),WB_EAP,1976,65.99
East Asia and Pacific (WB),WB_EAP,1977,66.2
East Asia and Pacific (WB),WB_EAP,1978,67.29
East Asia and Pacific (WB),WB_EAP,1979,68.52
East Asia and Pacific (WB),WB_EAP,1980,69.61
East Asia and Pacific (WB),WB_EAP,1981,70.64
East Asia and Pacific (WB),WB_EAP,1982,71.61
East Asia and Pacific (WB),WB_EAP,1983,72.53
East Asia and Pacific (WB),WB_EAP,1984,73.51
East Asia and Pacific (WB),WB_EAP,1985,74.43
East Asia and Pacific (WB),WB_EAP,1986,75.26
East Asia and Pacific (WB),WB_EAP,1987,76.41
East Asia and Pacific (WB),WB_EAP,1988,80.14
East Asia and Pacific (WB),WB_EAP,1989,80.76
East Asia and Pacific (WB),WB_EAP,1990,81.33
East Asia and Pacific (WB),WB_EAP,1991,81.84
East Asia and Pacific (WB),WB_EAP,1992,82.33
East Asia and Pacific (WB),WB_EAP,1993,82.77
East Asia and Pacific (WB),WB_EAP,1994,83.3
East Asia and Pacific (WB),WB_EAP,1995,83.84
East Asia and Pacific (WB),WB_EAP,1996,84.3
East Asia and Pacific (WB),WB_EAP,1997,89.27
East Asia and Pacific (WB),WB_EAP,1998,89.63
East Asia and Pacific (WB),WB_EAP,1999,89.95
East Asia and Pacific (WB),WB_EAP,2000,90.31
East Asia and Pacific (WB),WB_EAP,2001,90.63
East Asia and Pacific (WB),WB_EAP,2002,90.98
East Asia and Pacific (WB),WB_EAP,2003,91.35
East Asia and Pacific (WB),WB_EAP,2004,91.68
East Asia and Pacific (WB),WB_EAP,2005,92.02
East Asia and Pacific (WB),WB_EAP,2006,92.37
East Asia and Pacific (WB),WB_EAP,2007,93.51
East Asia and Pacific (WB),WB_EAP,2008,93.82
East Asia and Pacific (WB),WB_EAP,2009,94.09
East Asia and Pacific (WB),WB_EAP,2010,94.08
East Asia and Pacific (WB),WB_EAP,2011,94.3
East Asia and Pacific (WB),WB_EAP,2012,94.54
East Asia and Pacific (WB),WB_EAP,2013,94.62
East Asia and Pacific (WB),WB_EAP,2014,95.09
East Asia and Pacific (WB),WB_EAP,2015,95.3
East Asia and Pacific (WB),WB_EAP,2016,95.5
East Asia and Pacific (WB),WB_EAP,2017,95.69
East Asia and Pacific (WB),WB_EAP,2018,95.73
East Asia and Pacific (WB),WB_EAP,2019,95.87
East Asia and Pacific (WB),WB_EAP,2020,96.09
East Asia and Pacific (WB),WB_EAP,2021,96.22
East Asia and Pacific (WB),WB_EAP,2022,96.36
East Asia and Pacific (WB),WB_EAP,2023,96.49
East Asia and Pacific (WB),WB_EAP,2024,96.61
East Timor,TLS,1950,3.0
East Timor,TLS,2001,37.6
East Timor,TLS,2007,50.6
East Timor,TLS,2010,58.31
East Timor,TLS,2015,64.45
East Timor,TLS,2016,65.78
East Timor,TLS,2022,69.4
Eastern and South-Eastern Asia (SDG),,1976,65.78
Eastern and South-Eastern Asia (SDG),,1977,65.99
Eastern and South-Eastern Asia (SDG),,1978,67.09
Eastern and South-Eastern Asia (SDG),,1979,68.34
Eastern and South-Eastern Asia (SDG),,1980,69.45
Eastern and South-Eastern Asia (SDG),,1981,70.5
Eastern and South-Eastern Asia (SDG),,1982,71.47
Eastern and South-Eastern Asia (SDG),,1983,72.41
Eastern and South-Eastern Asia (SDG),,1984,73.4
Eastern and South-Eastern Asia (SDG),,1985,74.34
Eastern and South-Eastern Asia (SDG),,1986,75.17
Eastern and South-Eastern Asia (SDG),,1987,76.34
Eastern and South-Eastern Asia (SDG),,1988,80.13
Eastern and South-Eastern Asia (SDG),,1989,80.76
Eastern and South-Eastern Asia (SDG),,1990,81.34
Eastern and South-Eastern Asia (SDG),,1991,81.86
Eastern and South-Eastern Asia (SDG),,1992,82.35
Eastern and South-Eastern Asia (SDG),,1993,82.8
Eastern and South-Eastern Asia (SDG),,1994,83.35
Eastern and South-Eastern Asia (SDG),,1995,83.89
Eastern and South-Eastern Asia (SDG),,1996,84.35
Eastern and South-Eastern Asia (SDG),,1997,89.4
Eastern and South-Eastern Asia (SDG),,1998,89.75
Eastern and South-Eastern Asia (SDG),,1999,90.08
Eastern and South-Eastern Asia (SDG),,2000,90.44
Eastern and South-Eastern Asia (SDG),,2001,90.76
Eastern and South-Eastern Asia (SDG),,2002,91.12
Eastern and South-Eastern Asia (SDG),,2003,91.49
Eastern and South-Eastern Asia (SDG),,2004,91.83
Eastern and South-Eastern Asia (SDG),,2005,92.17
Eastern and South-Eastern Asia (SDG),,2006,92.52
Eastern and South-Eastern Asia (SDG),,2007,93.68
Eastern and South-Eastern Asia (SDG),,2008,93.99
Eastern and South-Eastern Asia (SDG),,2009,94.26
Eastern and South-Eastern Asia (SDG),,2010,94.25
Eastern and South-Eastern Asia (SDG),,2011,94.48
Eastern and South-Eastern Asia (SDG),,2012,94.72
Eastern and South-Eastern Asia (SDG),,2013,94.8
Eastern and South-Eastern Asia (SDG),,2014,95.29
Eastern and South-Eastern Asia (SDG),,2015,95.51
Eastern and South-Eastern Asia (SDG),,2016,95.71
Eastern and South-Eastern Asia (SDG),,2017,95.91
Eastern and South-Eastern Asia (SDG),,2018,95.96
Eastern and South-Eastern Asia (SDG),,2019,96.1
Eastern and South-Eastern Asia (SDG),,2020,96.33
Eastern and South-Eastern Asia (SDG),,2021,96.47
Eastern and South-Eastern Asia (SDG),,2022,96.61
Eastern and South-Eastern Asia (SDG),,2023,96.74
Eastern and South-Eastern Asia (SDG),,2024,96.87
Ecuador,ECU,1950,57.5
Ecuador,ECU,1982,83.55
Ecuador,ECU,1990,88.3
Ecuador,ECU,2001,90.98
Ecuador,ECU,2007,92.1
Ecuador,ECU,2008,92.39
Ecuador,ECU,2009,92.25
Ecuador,ECU,2010,91.85
Ecuador,ECU,2011,91.59
Ecuador,ECU,2012,92.06
Ecuador,ECU,2013,93.29
Ecuador,ECU,2014,94.22
Ecuador,ECU,2015,94.46
Ecuador,ECU,2016,94.35
Ecuador,ECU,2017,92.83
Ecuador,ECU,2020,93.63
Ecuador,ECU,2021,94.48
Ecuador,ECU,2022,96.26
Ecuador,ECU,2024,93.49
Egypt,EGY,1907,7.3
Egypt,EGY,1917,8.8
Egypt,EGY,1927,14.1
Egypt,EGY,1937,14.8
Egypt,EGY,1950,22.5
Egypt,EGY,1976,38.2
Egypt,EGY,1986,44.42
Egypt,EGY,1996,55.59
Egypt,EGY,2005,67.33
Egypt,EGY,2006,66.37
Egypt,EGY,2010,72.05
Egypt,EGY,2012,73.87
Egypt,EGY,2013,72.44
Egypt,EGY,2017,71.17
Egypt,EGY,2021,82.08038
Egypt,EGY,2022,79.45316
El Salvador,SLV,1950,37.5
El Salvador,SLV,1992,74.14
El Salvador,SLV,2006,83.56
El Salvador,SLV,2007,82.03
El Salvador,SLV,2008,83.95
El Salvador,SLV,2009,84.1
El Salvador,SLV,2010,84.49
El Salvador,SLV,2011,85.49
El Salvador,SLV,2012,85.462456
El Salvador,SLV,2013,86.77
El Salvador,SLV,2014,87.41254
El Salvador,SLV,2015,87.97
El Salvador,SLV,2016,88.14
El Salvador,SLV,2017,88.48
El Salvador,SLV,2018,89.01
El Salvador,SLV,2019,89.14
El Salvador,SLV,2020,89.98
El Salvador,SLV,2021,89.05865
El Salvador,SLV,2022,89.353714
El Salvador,SLV,2023,89.85
El Salvador,SLV,2024,89.77
Equatorial Guinea,GNQ,1950,22.5
Equatorial Guinea,GNQ,2000,88.31
Eritrea,ERI,1950,3.0
Eritrea,ERI,2002,52.51
Eritrea,ERI,2008,64.66
Estonia,EST,1989,99.73
Estonia,EST,2000,99.77
Estonia,EST,2011,99.89
Eswatini,SWZ,1950,17.5
Eswatini,SWZ,1976,55.33
Eswatini,SWZ,1986,67.24
Eswatini,SWZ,2000,81.66
Eswatini,SWZ,2022,90.75
Ethiopia,ETH,1950,3.0
Ethiopia,ETH,1994,27.01
Ethiopia,ETH,2004,35.9
Ethiopia,ETH,2007,39.0
Ethiopia,ETH,2013,48.354973
Ethiopia,ETH,2016,47.49
Ethiopia,ETH,2019,55.05
Ethiopia,ETH,2021,54.88537
Ethiopia,ETH,2022,60.46
Europe and Central Asia (WB),WB_ECA,1994,95.8
Europe and Central Asia (WB),WB_ECA,1995,95.95
Europe and Central Asia (WB),WB_ECA,1996,96.13
Europe and Central Asia (WB),WB_ECA,1997,96.26
Europe and Central Asia (WB),WB_ECA,1998,96.42
Europe and Central Asia (WB),WB_ECA,1999,96.54
Europe and Central Asia (WB),WB_ECA,2000,96.64
Europe and Central Asia (WB),WB_ECA,2002,96.9
Europe and Central Asia (WB),WB_ECA,2003,96.99
Europe and Central Asia (WB),WB_ECA,2004,97.07
Europe and Central Asia (WB),WB_ECA,2005,97.19
Europe and Central Asia (WB),WB_ECA,2006,97.25
Europe and Central Asia (WB),WB_ECA,2007,97.33
Europe and Central Asia (WB),WB_ECA,2008,97.45
Europe and Central Asia (WB),WB_ECA,2009,97.71
Europe and Central Asia (WB),WB_ECA,2010,97.87
Europe and Central Asia (WB),WB_ECA,2011,98.02
Europe and Central Asia (WB),WB_ECA,2012,98.12
Europe and Central Asia (WB),WB_ECA,2013,98.18
Europe and Central Asia (WB),WB_ECA,2014,98.22
Europe and Central Asia (WB),WB_ECA,2015,98.27
Europe and Central Asia (WB),WB_ECA,2016,98.33
Europe and Central Asia (WB),WB_ECA,2017,98.41
Europe and Central Asia (WB),WB_ECA,2018,98.5
Europe and Central Asia (WB),WB_ECA,2019,98.57
Europe and Central Asia (WB),WB_ECA,2020,98.61
Europe and Central Asia (WB),WB_ECA,2021,98.74
Europe and Central Asia (WB),WB_ECA,2022,98.75
Europe and Central Asia (WB),WB_ECA,2023,98.77
Europe and Northern America (SDG),,2003,97.91
Europe and Northern America (SDG),,2004,97.97
Europe and Northern America (SDG),,2005,98.02
Europe and Northern America (SDG),,2006,98.09
Europe and Northern America (SDG),,2018,98.62
Europe and Northern America (SDG),,2019,98.65
Europe and Northern America (SDG),,2020,98.67
Europe and Northern America (SDG),,2021,98.78
Europe and Northern America (SDG),,2022,98.78
Falkland Islands,FLK,1950,92.5
Faroe Islands,FRO,1950,98.5
Fiji,FJI,1950,67.5
Finland,FIN,1900,38.8
Finland,FIN,1910,55.3
Finland,FIN,1920,69.9
Finland,FIN,1930,84.1
Finland,FIN,1950,98.5
France,FRA,1475,6.0
France,FRA,1550,19.0
France,FRA,1650,29.0
France,FRA,1750,29.0
France,FRA,1901,83.5
France,FRA,1906,85.9
France,FRA,1911,88.1
France,FRA,1921,91.8
France,FRA,1926,93.9
France,FRA,1931,94.7
France,FRA,1936,96.0
France,FRA,1946,96.6
France,FRA,1950,96.5
French Guiana,GUF,1950,67.5
French Guiana,GUF,1982,82.92
French Polynesia,PYF,1950,32.5
Gabon,GAB,1993,72.23
Gabon,GAB,2021,88.86
Gambia,GMB,1950,7.5
Gambia,GMB,2000,36.82
Gambia,GMB,2015,50.78
Gambia,GMB,2018,53.16
Gambia,GMB,2021,51.64
Georgia,GEO,2002,99.65
Georgia,GEO,2014,99.59
Georgia,GEO,2017,99.36
Georgia,GEO,2018,99.65
Georgia,GEO,2019,99.87572
Georgia,GEO,2020,99.89307
Georgia,GEO,2021,99.91808
Georgia,GEO,2022,99.57
Georgia,GEO,2023,99.56
Georgia,GEO,2024,99.68
Germany,DEU,1475,9.0
Germany,DEU,1550,16.0
Germany,DEU,1650,31.0
Germany,DEU,1750,38.0
Germany,DEU,1950,98.5
Ghana,GHA,1950,22.5
Ghana,GHA,2000,57.9
Ghana,GHA,2010,71.5
Ghana,GHA,2015,60.198105
Ghana,GHA,2017,64.49
Ghana,GHA,2021,76.49
Gibraltar,GIB,1950,67.5
Greece,GRC,1907,39.5
Greece,GRC,1920,48.0
Greece,GRC,1928,58.1
Greece,GRC,1950,72.5
Greece,GRC,1981,90.51
Greece,GRC,1991,92.61
Greece,GRC,2001,95.99
Greece,GRC,2009,93.91
Greenland,GRL,1950,98.5
Grenada,GRD,1950,67.5
Grenada,GRD,1970,97.79
Guadeloupe,GLP,1950,67.5
Guadeloupe,GLP,1982,90.1
Guam,GUM,1950,87.5
Guam,GUM,1980,96.42
Guam,GUM,1990,99.37
Guatemala,GTM,1950,27.5
Guatemala,GTM,1994,64.21
Guatemala,GTM,2002,69.1
Guatemala,GTM,2012,78.26
Guatemala,GTM,2013,77.04
Guatemala,GTM,2014,81.29
Guatemala,GTM,2015,80.2
Guatemala,GTM,2018,80.81
Guatemala,GTM,2022,83.03
Guatemala,GTM,2023,83.01958
Guatemala,GTM,2024,82.11
Guinea,GIN,1996,20.55
Guinea,GIN,2003,29.7
Guinea,GIN,2010,25.31
Guinea,GIN,2014,32.0
Guinea,GIN,2018,39.62
Guinea-Bissau,GNB,1950,3.0
Guinea-Bissau,GNB,1979,19.96
Guinea-Bissau,GNB,2000,41.36
Guinea-Bissau,GNB,2019,54.88
Guinea-Bissau,GNB,2022,63.93
Guyana,GUY,1950,77.5
Guyana,GUY,2020,85.64
Haiti,HTI,1950,12.5
Haiti,HTI,1982,34.73
Haiti,HTI,2003,58.74
Haiti,HTI,2012,73.95334
Haiti,HTI,2017,68.01
High-income countries,OWID_HIC,2020,97.71
Honduras,HND,1926,26.1
Honduras,HND,1930,33.4
Honduras,HND,1935,32.6
Honduras,HND,1940,34.7
Honduras,HND,1945,36.3
Honduras,HND,1950,37.5
Honduras,HND,2001,80.01
Honduras,HND,2007,83.59
Honduras,HND,2010,84.76
Honduras,HND,2011,85.12
Honduras,HND,2012,85.36
Honduras,HND,2013,85.46
Honduras,HND,2014,87.2
Honduras,HND,2015,87.91
Honduras,HND,2016,88.99
Honduras,HND,2018,87.21
Honduras,HND,2019,88.51
Honduras,HND,2022,88.21928
Honduras,HND,2023,87.09
Honduras,HND,2024,88.25
Hong Kong,HKG,1950,57.5
Hungary,HUN,1900,60.1
Hungary,HUN,1910,67.7
Hungary,HUN,1920,86.6
Hungary,HUN,1930,90.0
Hungary,HUN,1941,93.6
Hungary,HUN,1950,95.5
Hungary,HUN,1980,98.86
Iceland,ISL,1950,98.5
India,IND,1901,6.2
India,IND,1911,7.0
India,IND,1921,8.3
India,IND,1931,9.1
India,IND,1950,17.5
India,IND,1981,40.76
India,IND,1991,48.22
India,IND,2001,61.01
India,IND,2006,62.75
India,IND,2010,68.32582
India,IND,2011,69.3
India,IND,2012,69.82793
India,IND,2018,73.688354
India,IND,2019,74.89386
India,IND,2020,75.52706
India,IND,2021,76.05966
India,IND,2022,76.32
India,IND,2023,81.7
India,IND,2024,78.16254
Indonesia,IDN,1950,17.5
Indonesia,IDN,1980,67.31
Indonesia,IDN,1990,81.52
Indonesia,IDN,2004,90.38
Indonesia,IDN,2006,91.98
Indonesia,IDN,2008,92.19
Indonesia,IDN,2009,92.58
Indonesia,IDN,2010,92.32
Indonesia,IDN,2011,92.81
Indonesia,IDN,2014,95.12
Indonesia,IDN,2015,95.22
Indonesia,IDN,2016,95.38
Indonesia,IDN,2018,95.66
Indonesia,IDN,2020,96.0
Iran,IRN,1950,12.5
Iran,IRN,1976,36.52
Iran,IRN,1986,52.32
Iran,IRN,1991,65.53
Iran,IRN,1996,73.06
Iran,IRN,2002,77.0
Iran,IRN,2005,82.44
Iran,IRN,2006,82.33
Iran,IRN,2008,82.96
Iran,IRN,2009,83.22224
Iran,IRN,2010,83.664665
Iran,IRN,2011,83.52
Iran,IRN,2012,83.63
Iran,IRN,2013,84.63
Iran,IRN,2014,84.71
Iran,IRN,2015,85.28343
Iran,IRN,2016,85.54
Iran,IRN,2017,85.94679
Iran,IRN,2018,86.868835
Iran,IRN,2019,87.37883
Iran,IRN,2020,87.902824
Iran,IRN,2021,88.4556
Iran,IRN,2022,88.59423
Iran,IRN,2023,88.91682
Iraq,IRQ,1950,12.5
Iraq,IRQ,2000,74.05
Iraq,IRQ,2012,77.2
Iraq,IRQ,2014,82.2
Iraq,IRQ,2016,83.3
Iraq,IRQ,2017,85.6
Iraq,IRQ,2021,84.064896
Ireland,IRL,1475,0.0
Ireland,IRL,1550,0.0
Ireland,IRL,1650,3.0
Ireland,IRL,1750,21.0
Ireland,IRL,1950,98.5
Isle of Man,IMN,1950,98.5
Israel,ISR,1950,92.5
Israel,ISR,1983,91.75
Italy,ITA,1475,15.0
Italy,ITA,1550,18.0
Italy,ITA,1650,23.0
Italy,ITA,1750,23.0
Italy,ITA,1901,51.8
Italy,ITA,1911,62.8
Italy,ITA,1921,73.2
Italy,ITA,1931,78.4
Italy,ITA,1950,87.5
Italy,ITA,1981,96.46
Italy,ITA,2001,98.42
Italy,ITA,2011,98.85
Italy,ITA,2019,99.35
Jamaica,JAM,1950,72.5
Jamaica,JAM,1999,79.92
Japan,JPN,1950,97.5
Jordan,JOR,1950,17.5
Jordan,JOR,1979,66.8
Jordan,JOR,2003,89.89
Jordan,JOR,2005,91.13
Jordan,JOR,2007,92.2
Jordan,JOR,2010,92.55
Jordan,JOR,2011,95.9
Jordan,JOR,2012,97.89
Jordan,JOR,2018,95.43
Jordan,JOR,2023,94.85
Jordan,JOR,2024,94.44
Kazakhstan,KAZ,1989,97.53
Kazakhstan,KAZ,1999,99.51
Kazakhstan,KAZ,2009,99.73
Kenya,KEN,1950,22.5
Kenya,KEN,2000,82.23
Kiribati,KIR,1950,92.5
Kiribati,KIR,2018,97.96
Kiribati,KIR,2020,98.60798
Kuwait,KWT,1950,17.5
Kuwait,KWT,1975,59.56
Kuwait,KWT,1980,67.52
Kuwait,KWT,1985,74.49
Kuwait,KWT,1995,78.4
Kuwait,KWT,2005,93.27
Kuwait,KWT,2006,93.28
Kuwait,KWT,2007,93.66
Kuwait,KWT,2008,93.9
Kuwait,KWT,2010,94.47
Kuwait,KWT,2012,95.51
Kuwait,KWT,2013,95.59
Kuwait,KWT,2015,95.69
Kuwait,KWT,2017,96.04
Kuwait,KWT,2018,96.06
Kuwait,KWT,2020,96.46
Kyrgyzstan,KGZ,1999,98.7
Kyrgyzstan,KGZ,2009,99.24
Laos,LAO,1950,17.5
Laos,LAO,1995,60.25
Laos,LAO,2000,69.58
Laos,LAO,2001,68.73
Laos,LAO,2005,72.7
Laos,LAO,2015,84.66
Laos,LAO,2017,73.72
Laos,LAO,2023,75.64
Latin America and Caribbean (WB),WB_LAC,1974,78.13
Latin America and Caribbean (WB),WB_LAC,1975,78.15
Latin America and Caribbean (WB),WB_LAC,1976,78.55
Latin America and Caribbean (WB),WB_LAC,1977,78.99
Latin America and Caribbean (WB),WB_LAC,1978,79.45
Latin America and Caribbean (WB),WB_LAC,1979,79.86
Latin America and Caribbean (WB),WB_LAC,1980,80.23
Latin America and Caribbean (WB),WB_LAC,1981,80.64
Latin America and Caribbean (WB),WB_LAC,1982,81.03
Latin America and Caribbean (WB),WB_LAC,1983,81.41
Latin America and Caribbean (WB),WB_LAC,1984,81.78
Latin America and Caribbean (WB),WB_LAC,1985,82.13
Latin America and Caribbean (WB),WB_LAC,1986,82.48
Latin America and Caribbean (WB),WB_LAC,1987,82.78
Latin America and Caribbean (WB),WB_LAC,1988,83.23
Latin America and Caribbean (WB),WB_LAC,1989,83.65
Latin America and Caribbean (WB),WB_LAC,1990,83.97
Latin America and Caribbean (WB),WB_LAC,1991,84.65
Latin America and Caribbean (WB),WB_LAC,1992,85.32
Latin America and Caribbean (WB),WB_LAC,1993,85.98
Latin America and Caribbean (WB),WB_LAC,1994,86.62
Latin America and Caribbean (WB),WB_LAC,1995,87.26
Latin America and Caribbean (WB),WB_LAC,1996,87.65
Latin America and Caribbean (WB),WB_LAC,1997,87.93
Latin America and Caribbean (WB),WB_LAC,1998,88.29
Latin America and Caribbean (WB),WB_LAC,1999,88.62
Latin America and Caribbean (WB),WB_LAC,2000,88.92
Latin America and Caribbean (WB),WB_LAC,2001,89.11
Latin America and Caribbean (WB),WB_LAC,2002,89.4
Latin America and Caribbean (WB),WB_LAC,2003,90.1
Latin America and Caribbean (WB),WB_LAC,2004,90.38
Latin America and Caribbean (WB),WB_LAC,2005,90.36
Latin America and Caribbean (WB),WB_LAC,2006,90.57
Latin America and Caribbean (WB),WB_LAC,2007,91.41
Latin America and Caribbean (WB),WB_LAC,2008,91.71
Latin America and Caribbean (WB),WB_LAC,2009,91.9
Latin America and Caribbean (WB),WB_LAC,2010,91.82
Latin America and Caribbean (WB),WB_LAC,2011,92.52
Latin America and Caribbean (WB),WB_LAC,2012,92.83
Latin America and Caribbean (WB),WB_LAC,2013,92.81
Latin America and Caribbean (WB),WB_LAC,2014,93.31
Latin America and Caribbean (WB),WB_LAC,2015,93.45
Latin America and Caribbean (WB),WB_LAC,2016,93.89
Latin America and Caribbean (WB),WB_LAC,2017,93.92
Latin America and Caribbean (WB),WB_LAC,2018,94.1
Latin America and Caribbean (WB),WB_LAC,2019,94.27
Latin America and Caribbean (WB),WB_LAC,2020,94.33
Latin America and Caribbean (WB),WB_LAC,2021,94.5
Latin America and Caribbean (WB),WB_LAC,2022,94.68
Latin America and Caribbean (WB),WB_LAC,2023,94.83
Latin America and Caribbean (WB),WB_LAC,2024,94.95
Latin America and the Caribbean (SDG),,1974,78.13
Latin America and the Caribbean (SDG),,1975,78.15
Latin America and the Caribbean (SDG),,1976,78.55
Latin America and the Caribbean (SDG),,1977,78.99
Latin America and the Caribbean (SDG),,1978,79.45
Latin America and the Caribbean (SDG),,1979,79.86
Latin America and the Caribbean (SDG),,1980,80.23
Latin America and the Caribbean (SDG),,1981,80.64
Latin America and the Caribbean (SDG),,1982,81.03
Latin America and the Caribbean (SDG),,1983,81.41
Latin America and the Caribbean (SDG),,1984,81.78
Latin America and the Caribbean (SDG),,1985,82.14
Latin America and the Caribbean (SDG),,1986,82.48
Latin America and the Caribbean (SDG),,1987,82.78
Latin America and the Caribbean (SDG),,1988,83.23
Latin America and the Caribbean (SDG),,1989,83.65
Latin America and the Caribbean (SDG),,1990,83.97
Latin America and the Caribbean (SDG),,1991,84.65
Latin America and the Caribbean (SDG),,1992,85.32
Latin America and the Caribbean (SDG),,1993,85.98
Latin America and the Caribbean (SDG),,1994,86.62
Latin America and the Caribbean (SDG),,1995,87.26
Latin America and the Caribbean (SDG),,1996,87.65
Latin America and the Caribbean (SDG),,1997,87.93
Latin America and the Caribbean (SDG),,1998,88.29
Latin America and the Caribbean (SDG),,1999,88.62
Latin America and the Caribbean (SDG),,2000,88.92
Latin America and the Caribbean (SDG),,2001,89.11
Latin America and the Caribbean (SDG),,2002,89.4
Latin America and the Caribbean (SDG),,2003,90.1
Latin America and the Caribbean (SDG),,2004,90.38
Latin America and the Caribbean (SDG),,2005,90.36
Latin America and the Caribbean (SDG),,2006,90.57
Latin America and the Caribbean (SDG),,2007,91.41
Latin America and the Caribbean (SDG),,2008,91.71
Latin America and the Caribbean (SDG),,2009,91.9
Latin America and the Caribbean (SDG),,2010,91.82
Latin America and the Caribbean (SDG),,2011,92.52
Latin America and the Caribbean (SDG),,2012,92.83
Latin America and the Caribbean (SDG),,2013,92.81
Latin America and the Caribbean (SDG),,2014,93.31
Latin America and the Caribbean (SDG),,2015,93.45
Latin America and the Caribbean (SDG),,2016,93.89
Latin America and the Caribbean (SDG),,2017,93.92
Latin America and the Caribbean (SDG),,2018,94.1
Latin America and the Caribbean (SDG),,2019,94.27
Latin America and the Caribbean (SDG),,2020,94.33
Latin America and the Caribbean (SDG),,2021,94.5
Latin America and the Caribbean (SDG),,2022,94.68
Latin America and the Caribbean (SDG),,2023,94.83
Latin America and the Caribbean (SDG),,2024,94.95
Latvia,LVA,1989,99.45
Latvia,LVA,2000,99.75
Latvia,LVA,2011,99.9
Lebanon,LBN,1950,47.5
Lebanon,LBN,2007,89.61
Lebanon,LBN,2009,91.18
Lebanon,LBN,2018,92.67
Lebanon,LBN,2019,92.00997
Lesotho,LSO,1950,52.5
Lesotho,LSO,2000,86.25
Lesotho,LSO,2006,66.1
Lesotho,LSO,2016,97.27
Lesotho,LSO,2018,86.24
Lesotho,LSO,2019,92.396164
Lesotho,LSO,2024,90.45
Liberia,LBR,1950,7.5
Liberia,LBR,1984,32.11
Liberia,LBR,2010,59.40303
Libya,LBY,1950,7.5
Libya,LBY,1984,60.16
Liechtenstein,LIE,1950,98.5
Lithuania,LTU,1989,98.44
Lithuania,LTU,2001,99.65
Lithuania,LTU,2011,99.82
Low-income countries,OWID_LIC,1988,46.48
Low-income countries,OWID_LIC,1989,46.91
Low-income countries,OWID_LIC,1990,47.42
Low-income countries,OWID_LIC,1991,47.7
Low-income countries,OWID_LIC,1992,47.82
Low-income countries,OWID_LIC,1993,48.08
Low-income countries,OWID_LIC,1994,48.34
Low-income countries,OWID_LIC,1995,48.82
Low-income countries,OWID_LIC,1996,49.16
Low-income countries,OWID_LIC,1997,49.77
Low-income countries,OWID_LIC,1998,50.44
Low-income countries,OWID_LIC,1999,51.01
Low-income countries,OWID_LIC,2000,51.43
Low-income countries,OWID_LIC,2001,52.07
Low-income countries,OWID_LIC,2002,52.72
Low-income countries,OWID_LIC,2003,53.14
Low-income countries,OWID_LIC,2004,53.61
Low-income countries,OWID_LIC,2005,54.02
Low-income countries,OWID_LIC,2006,52.17
Low-income countries,OWID_LIC,2007,53.39
Low-income countries,OWID_LIC,2008,54.25
Low-income countries,OWID_LIC,2009,54.77
Low-income countries,OWID_LIC,2010,55.27
Low-income countries,OWID_LIC,2011,57.49
Low-income countries,OWID_LIC,2012,57.98
Low-income countries,OWID_LIC,2013,58.9
Low-income countries,OWID_LIC,2014,59.03
Low-income countries,OWID_LIC,2015,59.7
Low-income countries,OWID_LIC,2016,60.36
Low-income countries,OWID_LIC,2017,61.42
Low-income countries,OWID_LIC,2018,61.72
Low-income countries,OWID_LIC,2019,61.74
Low-income countries,OWID_LIC,2020,61.88
Low-income countries,OWID_LIC,2021,62.33
Low-income countries,OWID_LIC,2022,62.77
Low-income countries,OWID_LIC,2023,63.21
Low-income countries,OWID_LIC,2024,63.57
Lower-middle-income countries,OWID_LMC,1975,43.73
Lower-middle-income countries,OWID_LMC,1976,43.83
Lower-middle-income countries,OWID_LMC,1977,44.39
Lower-middle-income countries,OWID_LMC,1978,44.97
Lower-middle-income countries,OWID_LMC,1979,45.54
Lower-middle-income countries,OWID_LMC,1980,46.1
Lower-middle-income countries,OWID_LMC,1981,46.65
Lower-middle-income countries,OWID_LMC,1982,47.23
Lower-middle-income countries,OWID_LMC,1983,47.73
Lower-middle-income countries,OWID_LMC,1984,48.34
Lower-middle-income countries,OWID_LMC,1985,48.95
Lower-middle-income countries,OWID_LMC,1986,49.49
Lower-middle-income countries,OWID_LMC,1987,50.34
Lower-middle-income countries,OWID_LMC,1988,51.0
Lower-middle-income countries,OWID_LMC,1989,51.7
Lower-middle-income countries,OWID_LMC,1990,52.42
Lower-middle-income countries,OWID_LMC,1991,53.18
Lower-middle-income countries,OWID_LMC,1992,54.1
Lower-middle-income countries,OWID_LMC,1993,55.0
Lower-middle-income countries,OWID_LMC,1994,55.87
Lower-middle-income countries,OWID_LMC,1995,56.69
Lower-middle-income countries,OWID_LMC,1996,57.52
Lower-middle-income countries,OWID_LMC,1997,58.35
Lower-middle-income countries,OWID_LMC,1998,61.85
Lower-middle-income countries,OWID_LMC,1999,62.64
Lower-middle-income countries,OWID_LMC,2000,62.87
Lower-middle-income countries,OWID_LMC,2001,63.61
Lower-middle-income countries,OWID_LMC,2002,64.35
Lower-middle-income countries,OWID_LMC,2003,65.4
Lower-middle-income countries,OWID_LMC,2004,66.11
Lower-middle-income countries,OWID_LMC,2005,65.9
Lower-middle-income countries,OWID_LMC,2006,65.86
Lower-middle-income countries,OWID_LMC,2007,66.37
Lower-middle-income countries,OWID_LMC,2008,67.03
Lower-middle-income countries,OWID_LMC,2009,67.71
Lower-middle-income countries,OWID_LMC,2010,69.59
Lower-middle-income countries,OWID_LMC,2011,70.29
Lower-middle-income countries,OWID_LMC,2012,70.72
Lower-middle-income countries,OWID_LMC,2013,71.6
Lower-middle-income countries,OWID_LMC,2014,72.23
Lower-middle-income countries,OWID_LMC,2015,73.31
Lower-middle-income countries,OWID_LMC,2016,74.07
Lower-middle-income countries,OWID_LMC,2017,74.61
Lower-middle-income countries,OWID_LMC,2018,75.44
Lower-middle-income countries,OWID_LMC,2019,75.41
Lower-middle-income countries,OWID_LMC,2020,76.04
Lower-middle-income countries,OWID_LMC,2021,76.65
Lower-middle-income countries,OWID_LMC,2022,77.26
Lower-middle-income countries,OWID_LMC,2023,77.78
Lower-middle-income countries,OWID_LMC,2024,78.28
Luxembourg,LUX,1950,96.5
Macao,MAC,1950,57.5
Macao,MAC,1981,90.38
Macao,MAC,2001,91.3
Macao,MAC,2006,93.5
Macao,MAC,2011,95.64
Macao,MAC,2016,96.54
Madagascar,MDG,1950,32.5
Madagascar,MDG,2000,70.69
Madagascar,MDG,2012,71.57
Madagascar,MDG,2018,76.68
Madagascar,MDG,2021,74.69
Malawi,MWI,1950,7.5
Malawi,MWI,1987,48.54
Malawi,MWI,1998,64.13
Malawi,MWI,2017,72.826675
Malawi,MWI,2018,76.72
Malawi,MWI,2020,70.15
Malaysia,MYS,1950,37.5
Malaysia,MYS,1980,69.52
Malaysia,MYS,1991,82.92
Malaysia,MYS,2000,88.69
Malaysia,MYS,2010,93.12
Malaysia,MYS,2016,94.88
Malaysia,MYS,2017,95.08
Malaysia,MYS,2018,94.85
Malaysia,MYS,2019,94.97
Malaysia,MYS,2022,95.77
Maldives,MDV,1950,72.5
Maldives,MDV,1977,82.3
Maldives,MDV,1985,92.23
Maldives,MDV,1990,96.02
Maldives,MDV,1995,96.33
Maldives,MDV,2000,96.33
Maldives,MDV,2006,98.4
Maldives,MDV,2014,98.61
Maldives,MDV,2016,97.73
Maldives,MDV,2017,94.51
Maldives,MDV,2019,98.21
Mali,MLI,1976,9.43
Mali,MLI,1998,19.04
Mali,MLI,2003,24.0
Mali,MLI,2006,26.18
Mali,MLI,2010,31.1
Mali,MLI,2011,30.62
Mali,MLI,2015,33.07
Mali,MLI,2018,35.47
Mali,MLI,2024,35.63
Malta,MLT,1950,57.5
Malta,MLT,1985,86.93
Malta,MLT,1995,87.87
Malta,MLT,2005,92.36
Malta,MLT,2011,93.31
Marshall Islands,MHL,2011,98.27
Marshall Islands,MHL,2019,98.18
Marshall Islands,MHL,2021,95.76293
Martinique,MTQ,1950,72.5
Martinique,MTQ,1982,92.8
Mauritania,MRT,2000,51.21
Mauritania,MRT,2013,62.07
Mauritania,MRT,2015,65.11
Mauritania,MRT,2020,59.53
Mauritius,MUS,1950,52.5
Mauritius,MUS,1990,79.87
Mauritius,MUS,2000,84.3
Mauritius,MUS,2011,89.25
Mauritius,MUS,2012,91.77
Mauritius,MUS,2013,91.49
Mauritius,MUS,2014,92.47
Mauritius,MUS,2015,92.71
Mauritius,MUS,2016,93.16
Mauritius,MUS,2021,92.98002
Mauritius,MUS,2023,94.28778
Mexico,MEX,1900,22.3
Mexico,MEX,1910,27.7
Mexico,MEX,1921,33.8
Mexico,MEX,1930,38.5
Mexico,MEX,1940,46.0
Mexico,MEX,1950,62.5
Mexico,MEX,1980,82.99
Mexico,MEX,1990,87.56
Mexico,MEX,2000,90.54
Mexico,MEX,2002,90.27
Mexico,MEX,2004,90.95
Mexico,MEX,2005,91.63
Mexico,MEX,2006,91.73
Mexico,MEX,2007,92.8
Mexico,MEX,2008,92.93
Mexico,MEX,2009,93.44
Mexico,MEX,2010,93.07
Mexico,MEX,2011,93.52
Mexico,MEX,2012,94.23
Mexico,MEX,2013,93.96
Mexico,MEX,2014,94.56
Mexico,MEX,2015,94.47
Mexico,MEX,2016,94.86
Mexico,MEX,2017,94.97
Mexico,MEX,2018,95.38
Mexico,MEX,2019,95.38894
Mexico,MEX,2020,95.25
Mexico,MEX,2021,95.689095
Mexico,MEX,2022,95.12
Mexico,MEX,2023,95.834694
Mexico,MEX,2024,95.55
Moldova,MDA,1989,96.38
Moldova,MDA,2000,96.65
Moldova,MDA,2014,99.36
Monaco,MCO,1950,96.5
Mongolia,MNG,1950,57.5
Mongolia,MNG,2000,97.77
Mongolia,MNG,2010,98.26
Mongolia,MNG,2018,96.9
Mongolia,MNG,2019,98.46
Mongolia,MNG,2020,99.18
Mongolia,MNG,2021,99.214355
Mongolia,MNG,2022,98.73
Mongolia,MNG,2023,98.64
Mongolia,MNG,2024,98.64
Montenegro,MNE,1981,89.64
Montenegro,MNE,1991,93.46
Montenegro,MNE,2003,97.77
Montenegro,MNE,2011,98.44
Montenegro,MNE,2018,98.53
Morocco,MAR,1950,12.5
Morocco,MAR,1982,30.26
Morocco,MAR,1994,41.59
Morocco,MAR,2004,52.31
Morocco,MAR,2008,55.15
Morocco,MAR,2009,56.08
Morocco,MAR,2011,67.08
Morocco,MAR,2012,69.16
Morocco,MAR,2014,64.26
Mozambique,MOZ,1950,3.0
Mozambique,MOZ,1980,27.0
Mozambique,MOZ,1997,38.71
Mozambique,MOZ,2003,48.16
Mozambique,MOZ,2009,50.58
Mozambique,MOZ,2015,56.04
Mozambique,MOZ,2017,60.66
Mozambique,MOZ,2020,59.78
Mozambique,MOZ,2022,61.665344
Myanmar,MMR,1901,28.4
Myanmar,MMR,1911,29.4
Myanmar,MMR,1921,35.7
Myanmar,MMR,1931,40.2
Myanmar,MMR,1950,57.5
Myanmar,MMR,1983,78.57
Myanmar,MMR,2000,89.94
Myanmar,MMR,2014,90.36
Myanmar,MMR,2016,84.78
Myanmar,MMR,2018,95.814285
Myanmar,MMR,2019,89.07
Myanmar,MMR,2020,93.5274
Namibia,NAM,1991,75.82
Namibia,NAM,2001,84.94
Namibia,NAM,2011,88.27
Namibia,NAM,2016,88.1305
Namibia,NAM,2018,88.28324
Namibia,NAM,2023,87.64
Nauru,NRU,1950,72.5
Nauru,NRU,2021,94.63379
Nauru,NRU,2023,96.59
Nepal,NPL,1950,3.0
Nepal,NPL,1981,20.57
Nepal,NPL,1991,32.98
Nepal,NPL,2001,48.61
Nepal,NPL,2008,55.560074
Nepal,NPL,2011,59.63
Nepal,NPL,2016,65.5
Nepal,NPL,2017,66.865395
Nepal,NPL,2019,68.71
Netherlands,NLD,1475,17.0
Netherlands,NLD,1550,12.0
Netherlands,NLD,1650,53.0
Netherlands,NLD,1750,85.0
Netherlands,NLD,1950,98.5
Netherlands Antilles,ANT,1950,72.5
New Caledonia,NCL,1950,37.5
New Caledonia,NCL,1976,91.3
New Caledonia,NCL,1989,93.08
New Caledonia,NCL,1996,96.14
New Zealand,NZL,1950,98.5
Nicaragua,NIC,1950,37.5
Nicaragua,NIC,2001,76.68
Nicaragua,NIC,2005,78.0
Nicaragua,NIC,2012,85.61057
Nicaragua,NIC,2014,87.32718
Niger,NER,2001,14.38
Niger,NER,2005,28.67
Niger,NER,2012,30.56
Niger,NER,2014,29.043707
Niger,NER,2018,33.05
Niger,NER,2022,35.61
Nigeria,NGA,1950,12.5
Nigeria,NGA,1991,55.45
Nigeria,NGA,2003,54.77
Nigeria,NGA,2006,70.2
Nigeria,NGA,2016,58.22
Nigeria,NGA,2021,63.16
Nigeria,NGA,2024,70.41
Niue,NIU,1950,92.5
Niue,NIU,2017,96.27151
Niue,NIU,2022,99.071495
Norfolk Island,NFK,1950,87.5
North America (WB),WB_NA,2003,98.62
North America (WB),WB_NA,2004,98.63
North America (WB),WB_NA,2005,98.64
North America (WB),WB_NA,2006,98.66
North America (WB),WB_NA,2007,98.67
North America (WB),WB_NA,2008,98.69
North America (WB),WB_NA,2017,98.75
North America (WB),WB_NA,2018,98.76
North America (WB),WB_NA,2019,98.76
North America (WB),WB_NA,2020,98.77
North America (WB),WB_NA,2021,98.79
North America (WB),WB_NA,2022,98.79
North Korea,PRK,2008,100.0
North Macedonia,MKD,1994,94.06
North Macedonia,MKD,2002,96.13
Northern Africa and Western Asia (SDG),,1977,55.94
Northern Africa and Western Asia (SDG),,1978,56.46
Northern Africa and Western Asia (SDG),,1979,56.8
Northern Africa and Western Asia (SDG),,1980,57.37
Northern Africa and Western Asia (SDG),,1981,57.96
Northern Africa and Western Asia (SDG),,1982,58.67
Northern Africa and Western Asia (SDG),,1983,58.96
Northern Africa and Western Asia (SDG),,1984,60.92
Northern Africa and Western Asia (SDG),,1985,61.62
Northern Africa and Western Asia (SDG),,1986,62.32
Northern Africa and Western Asia (SDG),,1987,63.01
Northern Africa and Western Asia (SDG),,1988,63.83
Northern Africa and Western Asia (SDG),,1989,64.5
Northern Africa and Western Asia (SDG),,1990,65.34
Northern Africa and Western Asia (SDG),,1991,66.0
Northern Africa and Western Asia (SDG),,1992,66.63
Northern Africa and Western Asia (SDG),,1993,67.07
Northern Africa and Western Asia (SDG),,1994,67.63
Northern Africa and Western Asia (SDG),,1995,68.22
Northern Africa and Western Asia (SDG),,1996,68.93
Northern Africa and Western Asia (SDG),,1997,69.65
Northern Africa and Western Asia (SDG),,1998,70.44
Northern Africa and Western Asia (SDG),,1999,71.15
Northern Africa and Western Asia (SDG),,2000,71.91
Northern Africa and Western Asia (SDG),,2001,72.78
Northern Africa and Western Asia (SDG),,2002,73.6
Northern Africa and Western Asia (SDG),,2003,75.71
Northern Africa and Western Asia (SDG),,2004,76.4
Northern Africa and Western Asia (SDG),,2005,77.0
Northern Africa and Western Asia (SDG),,2006,75.17
Northern Africa and Western Asia (SDG),,2007,75.85
Northern Africa and Western Asia (SDG),,2008,76.52
Northern Africa and Western Asia (SDG),,2009,77.72
Northern Africa and Western Asia (SDG),,2010,78.49
Northern Africa and Western Asia (SDG),,2011,80.07
Northern Africa and Western Asia (SDG),,2012,80.78
Northern Africa and Western Asia (SDG),,2013,81.64
Northern Africa and Western Asia (SDG),,2014,81.71
Northern Africa and Western Asia (SDG),,2015,82.37
Northern Africa and Western Asia (SDG),,2016,81.4
Northern Africa and Western Asia (SDG),,2017,81.93
Northern Africa and Western Asia (SDG),,2018,82.18
Northern Africa and Western Asia (SDG),,2019,82.42
Northern Africa and Western Asia (SDG),,2020,82.71
Northern Africa and Western Asia (SDG),,2021,82.93
Northern Africa and Western Asia (SDG),,2022,83.23
Northern Africa and Western Asia (SDG),,2023,83.44
Northern Africa and Western Asia (SDG),,2024,83.68
Norway,NOR,1950,98.5
Oceania (excluding Australia and New Zealand) (SDG),,1994,63.55
Oceania (excluding Australia and New Zealand) (SDG),,1995,63.46
Oceania (excluding Australia and New Zealand) (SDG),,1996,63.88
Oceania (excluding Australia and New Zealand) (SDG),,1997,64.28
Oceania (excluding Australia and New Zealand) (SDG),,1998,64.68
Oceania (excluding Australia and New Zealand) (SDG),,1999,64.98
Oceania (excluding Australia and New Zealand) (SDG),,2000,65.16
Oceania (excluding Australia and New Zealand) (SDG),,2001,65.5
Oceania (excluding Australia and New Zealand) (SDG),,2002,65.82
Oceania (excluding Australia and New Zealand) (SDG),,2003,66.13
Oceania (excluding Australia and New Zealand) (SDG),,2004,66.43
Oceania (excluding Australia and New Zealand) (SDG),,2005,66.72
Oceania (excluding Australia and New Zealand) (SDG),,2006,66.99
Oceania (excluding Australia and New Zealand) (SDG),,2007,67.25
Oceania (excluding Australia and New Zealand) (SDG),,2008,67.51
Oceania (excluding Australia and New Zealand) (SDG),,2009,67.75
Oceania (excluding Australia and New Zealand) (SDG),,2010,67.98
Oceania (excluding Australia and New Zealand) (SDG),,2011,67.88
Oceania (excluding Australia and New Zealand) (SDG),,2012,67.78
Oceania (excluding Australia and New Zealand) (SDG),,2013,67.69
Oceania (excluding Australia and New Zealand) (SDG),,2017,67.12
Oceania (excluding Australia and New Zealand) (SDG),,2018,67.01
Oceania (excluding Australia and New Zealand) (SDG),,2019,66.9
Oceania (excluding Australia and New Zealand) (SDG),,2020,66.78
Oceania (excluding Australia and New Zealand) (SDG),,2021,66.73
Oman,OMN,1950,3.0
Oman,OMN,2003,66.1
Oman,OMN,2008,86.62
Oman,OMN,2010,86.94
Oman,OMN,2015,93.04
Oman,OMN,2017,95.58
Oman,OMN,2018,95.65
Oman,OMN,2020,96.9
Oman,OMN,2022,97.34
Pakistan,PAK,1950,17.5
Pakistan,PAK,1981,25.73
Pakistan,PAK,1998,42.7
Pakistan,PAK,2005,49.87
Pakistan,PAK,2006,54.15
Pakistan,PAK,2007,52.14
Pakistan,PAK,2008,55.53
Pakistan,PAK,2009,54.89
Pakistan,PAK,2010,55.38
Pakistan,PAK,2011,54.74
Pakistan,PAK,2012,56.76
Pakistan,PAK,2013,55.59
Pakistan,PAK,2014,56.98
Pakistan,PAK,2017,59.13
Pakistan,PAK,2018,57.01
Pakistan,PAK,2019,58.0
Pakistan,PAK,2021,58.86
Palau,PLW,1980,91.92
Palau,PLW,2013,99.5
Palau,PLW,2015,96.59
Palau,PLW,2020,99.84481
Palestine,PSE,1997,86.08
Palestine,PSE,2004,92.48
Palestine,PSE,2006,93.45
Palestine,PSE,2007,93.76
Palestine,PSE,2008,94.01
Palestine,PSE,2009,94.43
Palestine,PSE,2010,94.72
Palestine,PSE,2011,95.03
Palestine,PSE,2012,95.67
Palestine,PSE,2013,96.05
Palestine,PSE,2014,96.21
Palestine,PSE,2015,96.48
Palestine,PSE,2016,96.72
Palestine,PSE,2017,96.92
Palestine,PSE,2018,97.22
Palestine,PSE,2019,97.38
Palestine,PSE,2020,97.51
Palestine,PSE,2021,97.684
Palestine,PSE,2022,97.84
Palestine,PSE,2024,97.93896
Panama,PAN,1950,67.5
Panama,PAN,1980,88.07
Panama,PAN,1990,88.78
Panama,PAN,2000,91.9
Panama,PAN,2010,94.09
Panama,PAN,2018,95.41
Panama,PAN,2019,95.74
Panama,PAN,2021,96.21191
Panama,PAN,2023,96.089386
Panama,PAN,2024,96.22765
Papua New Guinea,PNG,1950,7.5
Papua New Guinea,PNG,2000,57.34
Papua New Guinea,PNG,2010,68.96891
Papua New Guinea,PNG,2017,70.06
Papua New Guinea,PNG,2022,87.00469
Paraguay,PRY,1950,67.5
Paraguay,PRY,1982,78.46
Paraguay,PRY,1992,90.27
Paraguay,PRY,2007,94.56
Paraguay,PRY,2008,93.29
Paraguay,PRY,2009,93.75
Paraguay,PRY,2010,93.87
Paraguay,PRY,2012,94.2
Paraguay,PRY,2013,95.06
Paraguay,PRY,2014,95.03
Paraguay,PRY,2015,95.55
Paraguay,PRY,2016,94.65
Paraguay,PRY,2018,94.02
Paraguay,PRY,2019,93.21
Paraguay,PRY,2020,94.54
Paraguay,PRY,2024,94.86
Peru,PER,1950,47.5
Peru,PER,1981,81.92
Peru,PER,1993,87.15
Peru,PER,2004,87.67
Peru,PER,2005,87.91
Peru,PER,2006,88.7
Peru,PER,2007,89.59
Peru,PER,2012,93.84
Peru,PER,2014,93.71
Peru,PER,2015,94.16
Peru,PER,2016,94.17
Peru,PER,2017,94.15
Peru,PER,2018,94.41
Peru,PER,2020,94.5
Peru,PER,2024,93.66
Philippines,PHL,1918,49.2
Philippines,PHL,1939,48.8
Philippines,PHL,1948,61.3
Philippines,PHL,1950,62.5
Philippines,PHL,1980,83.32
Philippines,PHL,1990,93.57
Philippines,PHL,1994,93.92
Philippines,PHL,2000,92.6
Philippines,PHL,2003,92.59
Philippines,PHL,2008,95.42
Philippines,PHL,2010,97.09
Philippines,PHL,2013,96.4
Philippines,PHL,2015,98.18
Philippines,PHL,2019,96.28
Philippines,PHL,2020,98.47
Poland,POL,1475,0.0
Poland,POL,1550,0.0
Poland,POL,1650,3.0
Poland,POL,1750,5.0
Poland,POL,1950,92.5
Poland,POL,1978,98.74
Portugal,PRT,1900,26.6
Portugal,PRT,1911,31.1
Portugal,PRT,1920,34.8
Portugal,PRT,1930,39.8
Portugal,PRT,1940,49.6
Portugal,PRT,1950,57.5
Portugal,PRT,1981,79.44
Portugal,PRT,1991,87.95
Portugal,PRT,2011,94.48
Puerto Rico,PRI,1950,72.5
Puerto Rico,PRI,1980,86.75
Puerto Rico,PRI,1990,89.62
Puerto Rico,PRI,2010,91.97
Puerto Rico,PRI,2017,92.39
Qatar,QAT,1950,7.5
Qatar,QAT,1986,75.64
Qatar,QAT,1997,83.26
Qatar,QAT,2004,88.96
Qatar,QAT,2007,93.08
Qatar,QAT,2008,93.99
Qatar,QAT,2009,94.72
Qatar,QAT,2010,96.28
Qatar,QAT,2011,96.41
Qatar,QAT,2012,96.68
Qatar,QAT,2013,97.48
Qatar,QAT,2014,97.75
Qatar,QAT,2016,98.52
Qatar,QAT,2017,98.78
Qatar,QAT,2022,99.29
Qatar,QAT,2023,99.3
Qatar,QAT,2024,99.32
Reunion,REU,1950,37.5
Reunion,REU,1982,78.61
Romania,ROU,1950,77.5
Romania,ROU,1992,96.71
Romania,ROU,2002,97.3
Romania,ROU,2011,98.6
Romania,ROU,2021,99.16
Russia,RUS,1989,97.99
Russia,RUS,2002,99.44
Russia,RUS,2010,99.68
Russia,RUS,2021,99.93
Rwanda,RWA,1950,7.5
Rwanda,RWA,1978,38.24
Rwanda,RWA,1991,57.85
Rwanda,RWA,2000,64.89
Rwanda,RWA,2012,68.33
Rwanda,RWA,2014,70.8
Rwanda,RWA,2018,73.22
Rwanda,RWA,2020,80.05
Rwanda,RWA,2022,78.76
Saint Helena,SHN,1950,98.5
Saint Helena,SHN,1998,96.53
Saint Pierre and Miquelon,SPM,1950,92.5
Saint Pierre and Miquelon,SPM,1982,99.27
Saint Vincent and the Grenadines,VCT,1970,95.63
Samoa,WSM,1950,87.5
Samoa,WSM,1991,97.94
Samoa,WSM,2011,98.97
Samoa,WSM,2016,99.4
Samoa,WSM,2017,99.70719
Samoa,WSM,2019,97.99
San Marino,SMR,1950,87.5
San Marino,SMR,2022,99.91
Sao Tome and Principe,STP,1950,17.5
Sao Tome and Principe,STP,1981,57.32
Sao Tome and Principe,STP,1991,73.24
Sao Tome and Principe,STP,2001,84.91
Sao Tome and Principe,STP,2012,90.14
Sao Tome and Principe,STP,2019,87.44
Saudi Arabia,SAU,1950,3.0
Saudi Arabia,SAU,1992,70.82
Saudi Arabia,SAU,2000,79.35
Saudi Arabia,SAU,2004,82.86
Saudi Arabia,SAU,2013,94.43
Saudi Arabia,SAU,2017,95.33
Saudi Arabia,SAU,2020,97.59
Saudi Arabia,SAU,2024,97.93
Senegal,SEN,1950,3.0
Senegal,SEN,1988,26.87
Senegal,SEN,2002,39.28
Senegal,SEN,2006,41.89
Senegal,SEN,2009,48.04
Senegal,SEN,2011,51.81
Senegal,SEN,2013,43.53
Senegal,SEN,2015,43.59
Senegal,SEN,2016,46.1
Senegal,SEN,2017,51.9
Senegal,SEN,2018,46.61
Senegal,SEN,2019,46.83
Senegal,SEN,2023,50.36
Serbia,SRB,2003,96.4
Serbia,SRB,2011,97.96
Serbia,SRB,2016,98.84
Serbia,SRB,2019,99.48
Serbia,SRB,2022,99.34
Seychelles,SYC,1950,37.5
Seychelles,SYC,1987,84.23
Seychelles,SYC,1994,87.81
Seychelles,SYC,2002,91.84
Seychelles,SYC,2010,93.95
Sierra Leone,SLE,1950,7.5
Sierra Leone,SLE,2004,34.83
Sierra Leone,SLE,2014,44.369892
Sierra Leone,SLE,2015,49.4
Sierra Leone,SLE,2017,44.83
Sierra Leone,SLE,2018,48.814365
Sierra Leone,SLE,2019,43.58
Singapore,SGP,1950,47.5
Singapore,SGP,1980,82.91
Singapore,SGP,1990,89.1
Singapore,SGP,2000,92.55
Singapore,SGP,2010,95.86
Singapore,SGP,2011,96.19
Singapore,SGP,2012,96.37
Singapore,SGP,2013,96.55
Singapore,SGP,2014,96.72
Singapore,SGP,2015,96.83
Singapore,SGP,2016,97.05
Singapore,SGP,2017,97.2
Singapore,SGP,2018,97.34
Singapore,SGP,2019,97.48
Singapore,SGP,2020,97.13
Singapore,SGP,2021,97.65
Slovenia,SVN,1991,99.52
Solomon Islands,SLB,1950,7.5
Solomon Islands,SLB,1999,76.6
Somalia,SOM,2019,63.657936
Somalia,SOM,2022,54.12
Somaliland,OWID_SML,1950,3.0
South Africa,ZAF,1950,42.5
South Africa,ZAF,1980,76.2
South Africa,ZAF,1996,82.4
South Africa,ZAF,2007,88.72
South Africa,ZAF,2009,92.89
South Africa,ZAF,2010,92.88
South Africa,ZAF,2011,93.1
South Africa,ZAF,2012,93.73
South Africa,ZAF,2014,94.14
South Africa,ZAF,2015,94.37
South Africa,ZAF,2016,91.74
South Africa,ZAF,2019,95.02
South Africa,ZAF,2021,90.0
South Africa,ZAF,2024,91.15
South Asia (WB),WB_SA,1975,37.44
South Asia (WB),WB_SA,1976,37.44
South Asia (WB),WB_SA,1977,38.13
South Asia (WB),WB_SA,1978,38.81
South Asia (WB),WB_SA,1979,39.47
South Asia (WB),WB_SA,1980,40.12
South Asia (WB),WB_SA,1981,40.74
South Asia (WB),WB_SA,1982,41.41
South Asia (WB),WB_SA,1983,42.08
South Asia (WB),WB_SA,1984,42.75
South Asia (WB),WB_SA,1985,43.42
South Asia (WB),WB_SA,1986,44.09
South Asia (WB),WB_SA,1987,44.77
South Asia (WB),WB_SA,1988,45.48
South Asia (WB),WB_SA,1989,46.27
South Asia (WB),WB_SA,1990,47.05
South Asia (WB),WB_SA,1991,47.78
South Asia (WB),WB_SA,1992,48.56
South Asia (WB),WB_SA,1993,49.35
South Asia (WB),WB_SA,1994,50.15
South Asia (WB),WB_SA,1995,50.95
South Asia (WB),WB_SA,1996,51.78
South Asia (WB),WB_SA,1997,52.6
South Asia (WB),WB_SA,1998,57.92
South Asia (WB),WB_SA,1999,58.73
South Asia (WB),WB_SA,2000,59.52
South Asia (WB),WB_SA,2001,60.31
South Asia (WB),WB_SA,2002,61.13
South Asia (WB),WB_SA,2003,61.94
South Asia (WB),WB_SA,2004,62.74
South Asia (WB),WB_SA,2005,62.44
South Asia (WB),WB_SA,2006,62.53
South Asia (WB),WB_SA,2007,63.38
South Asia (WB),WB_SA,2008,64.21
South Asia (WB),WB_SA,2009,65.04
South Asia (WB),WB_SA,2010,67.94
South Asia (WB),WB_SA,2011,68.7
South Asia (WB),WB_SA,2012,68.53
South Asia (WB),WB_SA,2013,69.84
South Asia (WB),WB_SA,2014,70.56
South Asia (WB),WB_SA,2015,71.96
South Asia (WB),WB_SA,2016,73.35
South Asia (WB),WB_SA,2017,74.02
South Asia (WB),WB_SA,2018,74.74
South Asia (WB),WB_SA,2019,74.51
South Asia (WB),WB_SA,2020,75.24
South Asia (WB),WB_SA,2021,76.06
South Asia (WB),WB_SA,2022,76.9
South Asia (WB),WB_SA,2023,77.57
South Asia (WB),WB_SA,2024,78.23
South Korea,KOR,1950,37.5
South Korea,KOR,2008,97.97
South Sudan,SSD,2008,26.83
Spain,ESP,1475,3.0
Spain,ESP,1550,4.0
Spain,ESP,1650,5.0
Spain,ESP,1750,8.0
Spain,ESP,1900,41.3
Spain,ESP,1910,47.8
Spain,ESP,1920,56.0
Spain,ESP,1940,76.8
Spain,ESP,1950,82.5
Spain,ESP,1981,92.81
Spain,ESP,1991,96.49
Spain,ESP,2004,97.17
Spain,ESP,2005,97.75
Spain,ESP,2006,97.75
Spain,ESP,2007,97.94
Spain,ESP,2008,97.63
Spain,ESP,2009,97.68
Spain,ESP,2010,97.75
Spain,ESP,2011,97.78
Spain,ESP,2012,97.89
Spain,ESP,2013,98.08
Spain,ESP,2014,98.09
Spain,ESP,2015,98.14
Spain,ESP,2016,98.25
Spain,ESP,2018,98.44
Spain,ESP,2020,98.59
Spain,ESP,2021,99.7
Sri Lanka,LKA,1901,26.4
Sri Lanka,LKA,1911,31.0
Sri Lanka,LKA,1921,39.9
Sri Lanka,LKA,1946,57.8
Sri Lanka,LKA,1950,62.5
Sri Lanka,LKA,1981,86.78
Sri Lanka,LKA,2001,90.68
Sri Lanka,LKA,2006,90.81
Sri Lanka,LKA,2008,90.56
Sri Lanka,LKA,2010,91.18
Sri Lanka,LKA,2014,92.53466
Sri Lanka,LKA,2015,92.55379
Sri Lanka,LKA,2016,92.39
Sri Lanka,LKA,2017,91.9
Sri Lanka,LKA,2018,91.71
Sri Lanka,LKA,2019,92.25
Sri Lanka,LKA,2020,92.38
Sri Lanka,LKA,2021,92.43
Sri Lanka,LKA,2022,92.49
Sri Lanka,LKA,2023,92.66
Sri Lanka,LKA,2024,92.74
Sub-Saharan Africa (SDG),,1984,48.97
Sub-Saharan Africa (SDG),,1985,49.34
Sub-Saharan Africa (SDG),,1986,49.68
Sub-Saharan Africa (SDG),,1987,50.35
Sub-Saharan Africa (SDG),,1988,50.89
Sub-Saharan Africa (SDG),,1989,51.44
Sub-Saharan Africa (SDG),,1990,52.11
Sub-Saharan Africa (SDG),,1991,52.48
Sub-Saharan Africa (SDG),,1992,52.97
Sub-Saharan Africa (SDG),,1993,53.58
Sub-Saharan Africa (SDG),,1994,54.23
Sub-Saharan Africa (SDG),,1995,54.65
Sub-Saharan Africa (SDG),,1996,55.25
Sub-Saharan Africa (SDG),,1997,56.03
Sub-Saharan Africa (SDG),,1998,56.68
Sub-Saharan Africa (SDG),,1999,57.54
Sub-Saharan Africa (SDG),,2000,56.33
Sub-Saharan Africa (SDG),,2001,57.09
Sub-Saharan Africa (SDG),,2002,57.78
Sub-Saharan Africa (SDG),,2003,58.29
Sub-Saharan Africa (SDG),,2004,58.96
Sub-Saharan Africa (SDG),,2005,58.58
Sub-Saharan Africa (SDG),,2006,58.27
Sub-Saharan Africa (SDG),,2007,58.03
Sub-Saharan Africa (SDG),,2008,58.35
Sub-Saharan Africa (SDG),,2009,58.81
Sub-Saharan Africa (SDG),,2010,59.48
Sub-Saharan Africa (SDG),,2011,61.2
Sub-Saharan Africa (SDG),,2012,62.45
Sub-Saharan Africa (SDG),,2013,63.34
Sub-Saharan Africa (SDG),,2014,63.88
Sub-Saharan Africa (SDG),,2015,64.47
Sub-Saharan Africa (SDG),,2016,65.09
Sub-Saharan Africa (SDG),,2017,65.44
Sub-Saharan Africa (SDG),,2018,67.36
Sub-Saharan Africa (SDG),,2019,67.99
Sub-Saharan Africa (SDG),,2020,68.16
Sub-Saharan Africa (SDG),,2021,68.11
Sub-Saharan Africa (SDG),,2022,68.44
Sub-Saharan Africa (SDG),,2023,68.73
Sub-Saharan Africa (SDG),,2024,68.98
Sub-Saharan Africa (WB),WB_SSA,1985,49.66
Sub-Saharan Africa (WB),WB_SSA,1986,49.99
Sub-Saharan Africa (WB),WB_SSA,1987,50.63
Sub-Saharan Africa (WB),WB_SSA,1988,51.14
Sub-Saharan Africa (WB),WB_SSA,1989,51.68
Sub-Saharan Africa (WB),WB_SSA,1990,52.32
Sub-Saharan Africa (WB),WB_SSA,1991,52.67
Sub-Saharan Africa (WB),WB_SSA,1992,53.14
Sub-Saharan Africa (WB),WB_SSA,1993,53.72
Sub-Saharan Africa (WB),WB_SSA,1994,54.34
Sub-Saharan Africa (WB),WB_SSA,1995,54.74
Sub-Saharan Africa (WB),WB_SSA,1996,55.37
Sub-Saharan Africa (WB),WB_SSA,1997,56.16
Sub-Saharan Africa (WB),WB_SSA,1998,56.83
Sub-Saharan Africa (WB),WB_SSA,1999,57.7
Sub-Saharan Africa (WB),WB_SSA,2000,56.57
Sub-Saharan Africa (WB),WB_SSA,2001,57.34
Sub-Saharan Africa (WB),WB_SSA,2002,58.05
Sub-Saharan Africa (WB),WB_SSA,2003,58.58
Sub-Saharan Africa (WB),WB_SSA,2004,59.26
Sub-Saharan Africa (WB),WB_SSA,2005,58.94
Sub-Saharan Africa (WB),WB_SSA,2006,58.03
Sub-Saharan Africa (WB),WB_SSA,2007,57.83
Sub-Saharan Africa (WB),WB_SSA,2008,58.17
Sub-Saharan Africa (WB),WB_SSA,2009,58.65
Sub-Saharan Africa (WB),WB_SSA,2010,59.32
Sub-Saharan Africa (WB),WB_SSA,2011,61.01
Sub-Saharan Africa (WB),WB_SSA,2012,62.24
Sub-Saharan Africa (WB),WB_SSA,2013,63.12
Sub-Saharan Africa (WB),WB_SSA,2014,63.67
Sub-Saharan Africa (WB),WB_SSA,2015,64.26
Sub-Saharan Africa (WB),WB_SSA,2016,64.89
Sub-Saharan Africa (WB),WB_SSA,2017,65.25
Sub-Saharan Africa (WB),WB_SSA,2018,67.13
Sub-Saharan Africa (WB),WB_SSA,2019,67.73
Sub-Saharan Africa (WB),WB_SSA,2020,67.89
Sub-Saharan Africa (WB),WB_SSA,2021,67.84
Sub-Saharan Africa (WB),WB_SSA,2022,68.15
Sub-Saharan Africa (WB),WB_SSA,2023,68.44
Sub-Saharan Africa (WB),WB_SSA,2024,68.69
Sudan,SDN,1950,7.5
Sudan,SDN,2000,61.35
Sudan,SDN,2008,53.52
Suriname,SUR,1950,72.5
Suriname,SUR,2004,89.6
Suriname,SUR,2008,94.62
Suriname,SUR,2010,94.68
Suriname,SUR,2012,92.87
Sweden,SWE,1475,1.0
Sweden,SWE,1550,1.0
Sweden,SWE,1650,23.0
Sweden,SWE,1750,48.0
Sweden,SWE,1950,98.5
Switzerland,CHE,1950,98.5
Syria,SYR,1950,27.5
Syria,SYR,1981,55.65
Syria,SYR,2002,82.89
Syria,SYR,2004,80.84
Syria,SYR,2021,94.42
Tajikistan,TJK,1989,97.69
Tajikistan,TJK,2000,99.45
Tajikistan,TJK,2003,97.350235
Tajikistan,TJK,2007,98.029305
Tajikistan,TJK,2009,99.72987
Tanzania,TZA,1950,7.5
Tanzania,TZA,1988,59.11
Tanzania,TZA,2002,69.43
Tanzania,TZA,2012,78.1
Tanzania,TZA,2014,79.89494
Tanzania,TZA,2015,77.89
Tanzania,TZA,2020,82.2361
Tanzania,TZA,2022,78.21
Thailand,THA,1950,52.5
Thailand,THA,1980,87.98
Thailand,THA,2000,92.65
Thailand,THA,2005,93.51
Thailand,THA,2010,96.43
Thailand,THA,2013,93.7
Thailand,THA,2015,92.87
Thailand,THA,2016,91.98
Thailand,THA,2018,93.77
Thailand,THA,2019,91.27
Thailand,THA,2022,91.1
Togo,TGO,1950,7.5
Togo,TGO,2000,53.18
Togo,TGO,2006,56.89
Togo,TGO,2009,57.09
Togo,TGO,2010,57.2
Togo,TGO,2011,60.41
Togo,TGO,2015,63.75
Togo,TGO,2017,60.9537
Togo,TGO,2019,66.54
Togo,TGO,2022,72.6
Tokelau,TKL,1950,96.0
Tokelau,TKL,2022,100.0
Tonga,TON,1950,92.5
Tonga,TON,1976,99.59
Tonga,TON,1996,98.91
Tonga,TON,2006,99.02
Tonga,TON,2011,99.39
Tonga,TON,2016,97.15
Tonga,TON,2019,91.05
Tonga,TON,2023,99.48
Trinidad and Tobago,TTO,1950,77.5
Trinidad and Tobago,TTO,1980,94.97
Trinidad and Tobago,TTO,1990,96.94
Tunisia,TUN,1950,17.5
Tunisia,TUN,1984,48.19
Tunisia,TUN,2004,74.3
Tunisia,TUN,2007,77.19
Tunisia,TUN,2008,77.71
Tunisia,TUN,2010,79.13
Tunisia,TUN,2011,79.65
Tunisia,TUN,2012,80.22
Tunisia,TUN,2014,79.04
Tunisia,TUN,2018,79.48
Tunisia,TUN,2019,80.55
Tunisia,TUN,2021,83.68
Tunisia,TUN,2023,86.25
Turkey,TUR,1927,8.2
Turkey,TUR,1935,20.4
Turkey,TUR,1945,30.5
Turkey,TUR,1950,32.5
Turkey,TUR,1975,61.63
Turkey,TUR,1980,65.69
Turkey,TUR,1985,75.97
Turkey,TUR,1990,79.23
Turkey,TUR,2004,87.37
Turkey,TUR,2005,88.23
Turkey,TUR,2006,88.12
Turkey,TUR,2007,88.66
Turkey,TUR,2009,90.82
Turkey,TUR,2010,92.66
Turkey,TUR,2011,94.11
Turkey,TUR,2012,94.92
Turkey,TUR,2013,95.26
Turkey,TUR,2014,95.44
Turkey,TUR,2015,95.6
Turkey,TUR,2016,95.86
Turkey,TUR,2017,96.15
Turkey,TUR,2019,96.74
Turkey,TUR,2021,97.26
Turkmenistan,TKM,1995,98.78
Turkmenistan,TKM,2022,99.9
Tuvalu,TUV,2022,100.0
USSR,OWID_USS,1950,92.5
Uganda,UGA,1950,27.5
Uganda,UGA,1991,56.11
Uganda,UGA,2002,68.14
Uganda,UGA,2006,71.37
Uganda,UGA,2010,73.21
Uganda,UGA,2012,70.2
Uganda,UGA,2014,68.51
Uganda,UGA,2016,69.1
Uganda,UGA,2021,79.04765
Uganda,UGA,2023,80.51
Uganda,UGA,2024,77.04
Ukraine,UKR,2001,99.43
United Arab Emirates,ARE,1975,53.51
United Arab Emirates,ARE,1985,71.24
United Arab Emirates,ARE,2005,90.03
United Arab Emirates,ARE,2019,97.78
United Arab Emirates,ARE,2021,98.13
United Arab Emirates,ARE,2022,98.29
United Arab Emirates,ARE,2023,98.06
United Arab Emirates,ARE,2024,98.81
United Kingdom,GBR,1475,5.0
United Kingdom,GBR,1550,16.0
United Kingdom,GBR,1650,53.0
United Kingdom,GBR,1750,54.0
United Kingdom,GBR,1950,98.5
United States,USA,1900,89.3
United States,USA,1910,92.3
United States,USA,1920,94.0
United States,USA,1930,95.7
United States,USA,1940,97.1
United States,USA,1950,96.5
United States Virgin Islands,VIR,1950,87.5
Upper-middle-income countries,OWID_UMC,1974,66.46
Upper-middle-income countries,OWID_UMC,1975,66.52
Upper-middle-income countries,OWID_UMC,1976,66.77
Upper-middle-income countries,OWID_UMC,1977,67.03
Upper-middle-income countries,OWID_UMC,1978,68.03
Upper-middle-income countries,OWID_UMC,1979,69.11
Upper-middle-income countries,OWID_UMC,1980,70.09
Upper-middle-income countries,OWID_UMC,1981,71.05
Upper-middle-income countries,OWID_UMC,1982,71.95
Upper-middle-income countries,OWID_UMC,1983,72.86
Upper-middle-income countries,OWID_UMC,1984,73.93
Upper-middle-income countries,OWID_UMC,1985,74.81
Upper-middle-income countries,OWID_UMC,1986,75.66
Upper-middle-income countries,OWID_UMC,1987,76.53
Upper-middle-income countries,OWID_UMC,1988,79.75
Upper-middle-income countries,OWID_UMC,1989,80.37
Upper-middle-income countries,OWID_UMC,1990,81.08
Upper-middle-income countries,OWID_UMC,1991,81.63
Upper-middle-income countries,OWID_UMC,1992,82.2
Upper-middle-income countries,OWID_UMC,1993,82.74
Upper-middle-income countries,OWID_UMC,1994,83.26
Upper-middle-income countries,OWID_UMC,1995,83.83
Upper-middle-income countries,OWID_UMC,1996,84.32
Upper-middle-income countries,OWID_UMC,1997,88.61
Upper-middle-income countries,OWID_UMC,1998,89.02
Upper-middle-income countries,OWID_UMC,1999,89.38
Upper-middle-income countries,OWID_UMC,2000,89.79
Upper-middle-income countries,OWID_UMC,2001,90.12
Upper-middle-income countries,OWID_UMC,2002,90.47
Upper-middle-income countries,OWID_UMC,2003,90.93
Upper-middle-income countries,OWID_UMC,2004,91.28
Upper-middle-income countries,OWID_UMC,2005,91.54
Upper-middle-income countries,OWID_UMC,2006,91.84
Upper-middle-income countries,OWID_UMC,2007,92.85
Upper-middle-income countries,OWID_UMC,2008,93.28
Upper-middle-income countries,OWID_UMC,2009,93.66
Upper-middle-income countries,OWID_UMC,2010,93.77
Upper-middle-income countries,OWID_UMC,2011,93.99
Upper-middle-income countries,OWID_UMC,2012,94.27
Upper-middle-income countries,OWID_UMC,2013,94.37
Upper-middle-income countries,OWID_UMC,2014,94.75
Upper-middle-income countries,OWID_UMC,2015,94.89
Upper-middle-income countries,OWID_UMC,2016,95.12
Upper-middle-income countries,OWID_UMC,2017,95.16
Upper-middle-income countries,OWID_UMC,2018,95.32
Upper-middle-income countries,OWID_UMC,2019,95.62
Upper-middle-income countries,OWID_UMC,2020,95.73
Upper-middle-income countries,OWID_UMC,2021,95.76
Upper-middle-income countries,OWID_UMC,2022,95.91
Upper-middle-income countries,OWID_UMC,2023,96.04
Upper-middle-income countries,OWID_UMC,2024,96.17
Uruguay,URY,1950,82.5
Uruguay,URY,1975,93.86
Uruguay,URY,1985,95.38
Uruguay,URY,1996,96.78
Uruguay,URY,2006,97.79
Uruguay,URY,2007,97.86
Uruguay,URY,2008,98.16
Uruguay,URY,2009,98.26
Uruguay,URY,2010,98.07
Uruguay,URY,2011,98.34
Uruguay,URY,2012,98.4
Uruguay,URY,2013,98.36
Uruguay,URY,2014,98.44
Uruguay,URY,2015,98.52
Uruguay,URY,2016,98.56
Uruguay,URY,2017,98.62
Uruguay,URY,2018,98.7
Uruguay,URY,2019,98.77
Uruguay,URY,2020,98.95962
Uruguay,URY,2022,98.85
Uruguay,URY,2023,98.82549
Uruguay,URY,2024,98.91
Uzbekistan,UZB,2000,98.64
Uzbekistan,UZB,2013,99.99
Uzbekistan,UZB,2014,99.98
Uzbekistan,UZB,2015,99.98
Uzbekistan,UZB,2016,99.99
Uzbekistan,UZB,2018,99.99
Uzbekistan,UZB,2019,100.0
Uzbekistan,UZB,2021,100.0
Uzbekistan,UZB,2022,100.0
Vanuatu,VUT,1950,32.5
Vanuatu,VUT,1979,52.87
Vanuatu,VUT,1999,74.0
Vanuatu,VUT,2019,92.47445
Vanuatu,VUT,2020,89.7931
Vanuatu,VUT,2023,87.96
Venezuela,VEN,1950,52.5
Venezuela,VEN,1981,84.73
Venezuela,VEN,1990,89.83
Venezuela,VEN,2001,92.98
Venezuela,VEN,2005,94.370705
Venezuela,VEN,2006,94.66207
Venezuela,VEN,2007,95.15
Venezuela,VEN,2008,95.3117
Venezuela,VEN,2009,95.51
Venezuela,VEN,2010,95.39242
Venezuela,VEN,2011,94.77
Venezuela,VEN,2012,95.98719
Venezuela,VEN,2015,96.61
Venezuela,VEN,2016,97.13
Venezuela,VEN,2017,97.183716
Vietnam,VNM,1950,17.5
Vietnam,VNM,1979,83.83
Vietnam,VNM,1989,87.6
Vietnam,VNM,1999,90.28
Vietnam,VNM,2000,90.16
Vietnam,VNM,2009,93.52
Vietnam,VNM,2019,95.75
Vietnam,VNM,2022,96.13
Wallis and Futuna,WLF,2018,99.320526
Wallis and Futuna,WLF,2019,99.313416
Wallis and Futuna,WLF,2020,96.55
Wallis and Futuna,WLF,2023,99.43576
Western Europe (Buringh and van Zanden),,1475,12.0
Western Europe (Buringh and van Zanden),,1550,18.0
Western Europe (Buringh and van Zanden),,1650,25.0
Western Europe (Buringh and van Zanden),,1750,31.0
World,OWID_WRL,1820,12.046689
World,OWID_WRL,1870,18.740555
World,OWID_WRL,1880,19.628456
World,OWID_WRL,1890,20.516357
World,OWID_WRL,1900,21.404259
World,OWID_WRL,1910,26.445602
World,OWID_WRL,1920,31.623163
World,OWID_WRL,1930,32.52763
World,OWID_WRL,1940,41.879223
World,OWID_WRL,1950,35.959377
World,OWID_WRL,1960,41.620377
World,OWID_WRL,1975,65.42
World,OWID_WRL,1976,65.57
World,OWID_WRL,1977,65.88
World,OWID_WRL,1978,66.5
World,OWID_WRL,1979,67.15
World,OWID_WRL,1980,67.76
World,OWID_WRL,1981,68.35
World,OWID_WRL,1982,68.93
World,OWID_WRL,1983,69.49
World,OWID_WRL,1984,70.15
World,OWID_WRL,1985,70.73
World,OWID_WRL,1986,71.27
World,OWID_WRL,1987,71.94
World,OWID_WRL,1988,73.55
World,OWID_WRL,1989,74.07
World,OWID_WRL,1990,74.63
World,OWID_WRL,1991,75.06
World,OWID_WRL,1992,75.51
World,OWID_WRL,1993,75.97
World,OWID_WRL,1994,76.42
World,OWID_WRL,1995,76.87
World,OWID_WRL,1996,77.3
World,OWID_WRL,1997,79.3
World,OWID_WRL,1998,80.52
World,OWID_WRL,1999,80.9
World,OWID_WRL,2000,81.12
World,OWID_WRL,2001,81.37
World,OWID_WRL,2002,81.74
World,OWID_WRL,2003,82.22
World,OWID_WRL,2004,82.56
World,OWID_WRL,2005,82.57
World,OWID_WRL,2006,82.53
World,OWID_WRL,2007,83.12
World,OWID_WRL,2008,83.48
World,OWID_WRL,2009,83.8
World,OWID_WRL,2010,84.37
World,OWID_WRL,2011,84.71
World,OWID_WRL,2012,84.91
World,OWID_WRL,2013,85.21
World,OWID_WRL,2014,85.56
World,OWID_WRL,2015,85.96
World,OWID_WRL,2016,86.28
World,OWID_WRL,2017,86.47
World,OWID_WRL,2018,86.76
World,OWID_WRL,2019,86.79
World,OWID_WRL,2020,86.98
World,OWID_WRL,2021,87.17
World,OWID_WRL,2022,87.39
World,OWID_WRL,2023,87.58
World,OWID_WRL,2024,87.74
Yemen,YEM,1950,3.0
Yemen,YEM,1994,37.09
Yugoslavia,OWID_YGS,1931,55.4
Yugoslavia,OWID_YGS,1948,74.6
Yugoslavia,OWID_YGS,1950,72.5
Zambia,ZMB,1950,22.5
Zambia,ZMB,1990,65.0
Zambia,ZMB,1999,68.0
Zambia,ZMB,2002,69.15
Zambia,ZMB,2010,83.14
Zambia,ZMB,2018,71.13
Zambia,ZMB,2020,81.753006
Zambia,ZMB,2021,79.94946
Zambia,ZMB,2022,79.984146
Zambia,ZMB,2024,71.77
Zanzibar,OWID_ZAN,1950,7.5
Zimbabwe,ZWE,1950,22.5
Zimbabwe,ZWE,1982,77.79
Zimbabwe,ZWE,1992,83.51
Zimbabwe,ZWE,2019,93.23
